DT_RowId,actionprice,img,img_link,manufacturer,manufacturer_img,manufacturerid,partid,price,quantity,rep,replacements,title
41489f28-1778-11e1-8015-00e081b05e17,,0,no image,Q-Power,https://parts.amaco.ua/ru/i/manufacturers/big/34de8542-8f5f-11e1-9246-00e081b05e17.png,34de8542-8f5f-11e1-9246-00e081b05e17,QPAZ51312,27673.73,0,1,"GA000798 Пас (комл 2 шт),AI002866 Комплект пасiв,C7001227 Пас AZ51312,RI004587 Комплект пасiв,TG000302 Комплект пасів (3+3),JD018403 Комплект пасiв,577AZ51312F Комплект пасiв",QPAZ51312 Пас
2e6c7600-1778-11e1-8015-00e081b05e17,,0,no image,Q-Power,https://parts.amaco.ua/ru/i/manufacturers/big/34de8542-8f5f-11e1-9246-00e081b05e17.png,34de8542-8f5f-11e1-9246-00e081b05e17,QPZ32190,263.09,0,1,"AG001493 Ремень,JD021474 Пас,TG000498 Пас,S1000952 Пас,OP000199 Пас,RI004861 Пас,GA000429 Пас,577Z32190F Пас",QPZ32190 Пас
dcd3ce90-1777-11e1-8015-00e081b05e17,,0,no image,Q-Power,https://parts.amaco.ua/ru/i/manufacturers/big/34de8542-8f5f-11e1-9246-00e081b05e17.png,34de8542-8f5f-11e1-9246-00e081b05e17,QP418192M1,,0,1,"C7001227 Пас 621259M1,TG000738 Пас,QPWR001007 Пас,S1000779 Пас,KZ007427 Пас,MF009495 Пас,AG019024 Пас,MF000934 Пас,GA000238 Пас (комл 2 шт),SK001574 Пас,57715062 Пас",QP418192M1 Пас OLD#
5510d3d8-1778-11e1-8015-00e081b05e17,,0,no image,Q-Power,https://parts.amaco.ua/ru/i/manufacturers/big/34de8542-8f5f-11e1-9246-00e081b05e17.png,34de8542-8f5f-11e1-9246-00e081b05e17,QPZ20460,2448.28,0,1,"S1000370 Пас елеватора чистого зерна 80422731,MF009759 Пас елеватора чистого зерна C/H-3260 MF9690,C7001227 Пас 644209.0,Q1000276 Пас елеватора чистого зерна 80422731,S1001332 Пас 80422731,CL004850 Пас,MF025548 Пас,AG005782 РЕМЕНЬ ТРАНСМИССИИ,S1000053 Пас,MF025547 Пас,OP000316 Пас,CL003722 Пас,TG000468 Пас,NC004983 Пас елеватора чистого зерна,HRVB001814 Пас 644209.0,TG009875 Пас (80422731),KZ000959 Пас,TG001393 Пас,QPWR000898 Пас,S1001232 Пас 80422731,TG001336 Пас,NH002764 Пас трансмисионный,AG005032 Пас Замінено на 80422731C,CL003442 Пас,AG019015 Пас,PI000342 Пас,CL009966 Пас,GA000449 Пас,JD021444 Пас,RI004138 Пас,RI003216 Пас,S1000678 Пас зернового елеватора (71403685),PI000563 Пас 644209,0,AG004901 Пас Замінено на 80422731CNH,RI004828 Пас,C7001227 Пас 71403685 / 80422731,KZ007111 Опора, супорт, кронштейн, тримач,AI007710 Пас елеватора чистого зерна C/H-3260 MF9690,CA008683 Пас,TG010565 Пас,80422731 Пас,57780422731F Пас трансмисионный,AG020525 Пас Замінено на 80422731C,74715466 Пас елеватора чистого зерна C/H-3260 MF9690,577D41988000F Пас,57715174 Пас,577Z20460F Пас,57522 X 3200 Пас,CL008663 Пас",QPZ20460 Пас
5e874098-1778-11e1-8015-00e081b05e17,,0,no image,Q-Power,https://parts.amaco.ua/ru/i/manufacturers/big/34de8542-8f5f-11e1-9246-00e081b05e17.png,34de8542-8f5f-11e1-9246-00e081b05e17,QPZ59556,1825.02,0,1,"C7001227 Пас 247430A1 (1989679C1),Q1000294 Пас; 247430A1; Z59556;247430a1,TG009870 Пас,AI002623 Пас МКШ,S1001517 Пас C/H-2640;247430A1,TG000586 Пас,AG020993 Пас МКШ,RI004975 Пас,TG000614 Пас,AG019051 Пас;247430A1,CA006016 Пас МКШ,OP000032 Пас,RI005176 Пас МКШ,KZ001634 Пас МКШ (247430A1),M7000081 Пас Z59556,GA000513 Пас,JD021592 Пас МКШ (247430A1),RI000663 Пас,QPWR001094 Пас,JD000287 Пас;247430A1,AI004313 Пас МКШ,CA008683 OLD PN: Пас SEE: 247430A1,S1001693 Пас,NH000931 Ремень 2660-C/22x14 (AP1000631/Z59556/86514496/86520126/1710326/1989679C1/),NH000931 Пас,S1001712 Пас,247430A1 Ремень,577247430A1F Ремень (247430A1),577Z59556F Пас МКШ (247430A1),577Z73879F Пас;247430A1",QPZ59556 Пас
b3ff22a0-1777-11e1-8015-00e081b05e17,,0,no image,Q-Power,https://parts.amaco.ua/ru/i/manufacturers/big/34de8542-8f5f-11e1-9246-00e081b05e17.png,34de8542-8f5f-11e1-9246-00e081b05e17,QPJ911574,1076.47,0,1,"TG000065 Пас,DY000139 Пас,CA006042 Пас SN>JJCO45689,AI002697 Пас SN>JJCO45689,OP000105 Пас,GA000539 Пас,NH000931 Пас SN>JJCO45689,J911574 Пас SN>JJCO45689",QPJ911574 Пас
a8316a73-c17a-11e4-98a2-00155d012119,,0,no image,NTN (bearings),https://parts.amaco.ua/ru/i/manufacturers/big/3a7e8966-07ba-11de-8a95-00e081b05e17.png,3a7e8966-07ba-11de-8a95-00e081b05e17,JELS207D1N,662.64,0,1,"P1007362 Підшипник кульковий D41663400,GB000027 Підшипник кульковий D41663400,RI002731 Кульковий підшипник,MF055260 Кульковий підшипник,NT000781 Підшипник кульковий,SK001208 Підшипник корпусний циліндричний, з ексцентриковим кільцем,SR000503 Підшипник кульковий D41663400,RI004091 Кульковий підшипник,NT002014 Підшипник кульковий;D41663400,FA000089 Підшипник кульковий,IN000191 Підшипник кульковий,52500608 Кульковий підшипник,P1007873 Підшипник кульковий D41663400; FHR207-35MM",JELS207D1N Підшипник кульковий
79a6f1f6-ec8c-11dd-8f72-00e081b05e05,,0,no image,NTN (bearings),https://parts.amaco.ua/ru/i/manufacturers/big/3a7e8966-07ba-11de-8a95-00e081b05e17.png,3a7e8966-07ba-11de-8a95-00e081b05e17,21322D1,11372.01,0,0,,21322D1 Підшипник
96006804-ec8c-11dd-8f72-00e081b05e05,,0,no image,NTN (bearings),https://parts.amaco.ua/ru/i/manufacturers/big/3a7e8966-07ba-11de-8a95-00e081b05e17.png,3a7e8966-07ba-11de-8a95-00e081b05e17,FC210D1,,0,1,"SK000932 Вузол підшипниковий,SK000103 Корпус",FC210D1 Bearing
960067d3-ec8c-11dd-8f72-00e081b05e05,,0,no image,NTN (bearings),https://parts.amaco.ua/ru/i/manufacturers/big/3a7e8966-07ba-11de-8a95-00e081b05e17.png,3a7e8966-07ba-11de-8a95-00e081b05e17,A-RL208D1C3,,0,1,"P1007751 Підшипник HC208-40MM,1L000061 Підшипник кульковий,SK001167 Підшипник корпусний HD, необслуговуваний, 5-ти кромочне ущільнення, антикорозійний, зажим втулкою,NH021747 Підшипник кульковий (LY208-2F/AH139297/1994713С1/D41705500/84057307);D41705500; 2163300; 1098010625,SK001183 Підшипник корпусний необслуговуваний, 5-ти кромочне ущільн., антикорозійний, зажим кільцем,SK000880 Підшипник корпусний, з ексцентриковим кільцем,SR000648 Підшипник JD39107/1994713C1/2163300/2127180;87283097;AH139297,SK002388 Підшипник корпусний;455805,RI003818 80455805,AI002258 Підшипник,FA000045 Підшипник кульковий,IN000133 Підшипник кульковий (2127180/AH139297/1994713С1/D41705500/84057307);D41705500; 2163300; 1098010625,HL000217 Підшипник кульковий,CA004520 Підшипник,MF010349 Підшипник D41705500,CA002589 OLD PN див.: 87605593,KZ001328 Кульковий пiдшипник,NC004960 OLD PN NC80457412 Див: 84237958,AG002781 Підшипник,JD009879 Підшипник,F6000051 Підшипник (JD39107),SA000347 Підшипник (208),NH002680 OLD PN NH455805 Див.: 563733,NT000630 Підшипник кульковий,GG000073 Пiдшипник 212609,CL004833 Підшипник,AG018675 Підшипник,WT000572 Підшипник,NH002681 BEARING, BALL,KZ002094 2163301,AG004398 ПОДШИПНИК КОЛЬЦА,AG004874 Замінено на 455805NH,MF000029 Підшипник,P1007408 Підшипник (AH139297, 2163300); 455805; JD39107;84057307,NH004644 OLD PN Див.: 84057307,CA008683 OLD PN див.: 1994713C1,JD019578 Кульковий пiдшипник,JD019625 Кульковий пiдшипник,NC004961 NC84057307,AG005739 ПОДШИПНИК КОЛЬЦА,CX000333 Підшипник кульковий,AG001449 Підшипник (AH139297, 2163300),NH001435 Підшипник,XP001945 Підшипник,RI004549 Кульковий пiдшипник,CA004520 Пiдшипник,CL002857 Подшипник шариковый сферич,SR000106 Підшипник корпусний,CA005841 OLD PN Пiдшипник див.: 212609,AG003204 Підшипник D41705500,CL000239 CL216330.0,KU002957 Підшипник кульковий,KZ000588 Кульковий підшипник,NT000156 Кульковий пiдшипник 2127180,CA007644 Пiдшипник,SK000363 Підшипник корпусний,CA002098 OLD PN див.: 212609,JD021925 Підшипник,NT000638 Підшипник кульковий;455805,KZ007082 80455805,CL003983 Підшипник,CA004520 OLD PN superseded by: Мультизамена,CA008683 Кільце,NH000931 Підшипник кульковий,H4000013 Підшипник кульковий,NH000931 Підшипник,NH000931 Підшипник кульковий,SK002272 Підшипник корпусний необслуговуваний, 5-ти кромочне ущільнення, антикор.,212609 Підшипник кульковий,84057307 Пiдшипник кульковий,80455805 Подшипник,87605593 Підшипник,563733 Підшипник,455805 Подшипник,87605595 Підшипник кульковий,SK002466 Підшипник корпусний,52512655 Кульковий пiдшипник,SNR_002870 Підшипник корпусний",A-RL208D1C3 Підшипник кульковий 1994713C1
